"Girokonto";"MYIBANXXXXXXX"
"Zeitraum:";"01.07.2026 - 04.07.2026"
"Kontostand vom 04.07.2026:";"100"
""
"Buchungsdatum";"Wertstellung";"Status";"Zahlungspflichtige*r";"Zahlungsempfänger*in";"Verwendungszweck";"Umsatztyp";"IBAN";"Betrag (€)";"Gläubiger-ID";"Mandatsreferenz";"Kundenreferenz"
"05.07.26";"05.07.26";"Gebucht";"ISSUER";"Aldi";"VISA Debitkartenumsatz vom 02.07.2026";"Ausgang";"DESOMEIBAN1234";"-14";"";"";"1234"
"05.07.26";"05.07.26";"Gebucht";"SomeDude";"my-name";"some important money, thanks man";"Eingang";"DESOMEIBAN1234";"+44,6";"";"";"1234"
"04.07.26";"04.07.26";"Gebucht";"ISSUER";"Miete";"VISA Debitkartenumsatz vom 02.07.2026";"Ausgang";"DESOMEIBAN1234";"-4,4";"";"";"1234"
"03.07.26";"03.07.26";"Gebucht";"ISSUER";"AralTankstelle.hm";"VISA Debitkartenumsatz vom 02.07.2026";"Ausgang";"DESOMEIBAN1234";"-28,3";"";"";"1234"
"02.07.26";"02.07.26";"Gebucht";"ISSUER";"unusable empfaenger";"Gehalt";"Eingang";"DESOMEIBAN1234";"1000";"";"";"1234"
"01.07.26";"01.07.26";"Gebucht";"ISSUER";"ALDI.aus.anderem.ort";"VISA Debitkartenumsatz vom 01.07.2026";"Ausgang";"DESOMEIBAN1234";"-44,6";"";"";"1234"
"01.07.26";"01.07.26";"Gebucht";"ISSUER";"aldi.yet.again";"VISA Debitkartenumsatz vom 01.07.2026";"Ausgang";"DESOMEIBAN1234";"-34,6";"";"";"1234"
